AMS,ADNN,Dataset,VMS,VDNN,T,Bf,Cost_history,T_pred,Bf_pred
0.04614786,8.74767114,"AMS1_ADNN1_VMS1_VDNN1.npy, AMS1_ADNN1_VMS1_VDNN2.npy, AMS1_ADNN1_VMS1_VDNN3.npy, AMS1_ADNN1_VMS1_VDNN4.npy, AMS1_ADNN1_VMS1_VDNN5.npy, AMS1_ADNN1_VMS2_VDNN1.npy, AMS1_ADNN1_VMS2_VDNN2.npy, AMS1_ADNN1_VMS2_VDNN3.npy, AMS1_ADNN1_VMS2_VDNN4.npy, AMS1_ADNN1_VMS2_VDNN5.npy, AMS1_ADNN1_VMS3_VDNN1.npy, AMS1_ADNN1_VMS3_VDNN2.npy, AMS1_ADNN1_VMS3_VDNN3.npy, AMS1_ADNN1_VMS3_VDNN4.npy, AMS1_ADNN1_VMS3_VDNN5.npy, AMS1_ADNN1_VMS4_VDNN1.npy, AMS1_ADNN1_VMS4_VDNN2.npy, AMS1_ADNN1_VMS4_VDNN3.npy, AMS1_ADNN1_VMS4_VDNN4.npy, AMS1_ADNN1_VMS4_VDNN5.npy, AMS1_ADNN1_VMS5_VDNN1.npy, AMS1_ADNN1_VMS5_VDNN2.npy, AMS1_ADNN1_VMS5_VDNN3.npy, AMS1_ADNN1_VMS5_VDNN4.npy, AMS1_ADNN1_VMS5_VDNN5.npy",0.0487785494115578,16.940523954067803,8.121134522552403,55,0.464418254446411,13.999277494978994,50
0.04614786,24.4029475,"AMS1_ADNN2_VMS1_VDNN1.npy, AMS1_ADNN2_VMS1_VDNN2.npy, AMS1_ADNN2_VMS1_VDNN3.npy, AMS1_ADNN2_VMS1_VDNN4.npy, AMS1_ADNN2_VMS1_VDNN5.npy, AMS1_ADNN2_VMS2_VDNN1.npy, AMS1_ADNN2_VMS2_VDNN2.npy, AMS1_ADNN2_VMS2_VDNN3.npy, AMS1_ADNN2_VMS2_VDNN4.npy, AMS1_ADNN2_VMS2_VDNN5.npy, AMS1_ADNN2_VMS3_VDNN1.npy, AMS1_ADNN2_VMS3_VDNN2.npy, AMS1_ADNN2_VMS3_VDNN3.npy, AMS1_ADNN2_VMS3_VDNN4.npy, AMS1_ADNN2_VMS3_VDNN5.npy, AMS1_ADNN2_VMS4_VDNN1.npy, AMS1_ADNN2_VMS4_VDNN2.npy, AMS1_ADNN2_VMS4_VDNN3.npy, AMS1_ADNN2_VMS4_VDNN4.npy, AMS1_ADNN2_VMS4_VDNN5.npy, AMS1_ADNN2_VMS5_VDNN1.npy, AMS1_ADNN2_VMS5_VDNN2.npy, AMS1_ADNN2_VMS5_VDNN3.npy, AMS1_ADNN2_VMS5_VDNN4.npy, AMS1_ADNN2_VMS5_VDNN5.npy",0.0499689357225446,17.25835578987159,22.64503854370087,50,0.5241961261047364,14.226829651622399,50
0.04614786,103.460163,"AMS1_ADNN3_VMS1_VDNN1.npy, AMS1_ADNN3_VMS1_VDNN2.npy, AMS1_ADNN3_VMS1_VDNN3.npy, AMS1_ADNN3_VMS1_VDNN4.npy, AMS1_ADNN3_VMS1_VDNN5.npy, AMS1_ADNN3_VMS2_VDNN1.npy, AMS1_ADNN3_VMS2_VDNN2.npy, AMS1_ADNN3_VMS2_VDNN3.npy, AMS1_ADNN3_VMS2_VDNN4.npy, AMS1_ADNN3_VMS2_VDNN5.npy, AMS1_ADNN3_VMS3_VDNN1.npy, AMS1_ADNN3_VMS3_VDNN2.npy, AMS1_ADNN3_VMS3_VDNN3.npy, AMS1_ADNN3_VMS3_VDNN4.npy, AMS1_ADNN3_VMS3_VDNN5.npy, AMS1_ADNN3_VMS4_VDNN1.npy, AMS1_ADNN3_VMS4_VDNN2.npy, AMS1_ADNN3_VMS4_VDNN3.npy, AMS1_ADNN3_VMS4_VDNN4.npy, AMS1_ADNN3_VMS4_VDNN5.npy, AMS1_ADNN3_VMS5_VDNN1.npy, AMS1_ADNN3_VMS5_VDNN2.npy, AMS1_ADNN3_VMS5_VDNN3.npy, AMS1_ADNN3_VMS5_VDNN4.npy, AMS1_ADNN3_VMS5_VDNN5.npy",0.0489322307624198,16.517793878885215,8.326434906005236,50,0.4646457279205322,15.594908056408427,50
0.04614786,0.366064129,"AMS1_ADNN4_VMS1_VDNN1.npy, AMS1_ADNN4_VMS1_VDNN2.npy, AMS1_ADNN4_VMS1_VDNN3.npy, AMS1_ADNN4_VMS1_VDNN4.npy, AMS1_ADNN4_VMS1_VDNN5.npy, AMS1_ADNN4_VMS2_VDNN1.npy, AMS1_ADNN4_VMS2_VDNN2.npy, AMS1_ADNN4_VMS2_VDNN3.npy, AMS1_ADNN4_VMS2_VDNN4.npy, AMS1_ADNN4_VMS2_VDNN5.npy, AMS1_ADNN4_VMS3_VDNN1.npy, AMS1_ADNN4_VMS3_VDNN2.npy, AMS1_ADNN4_VMS3_VDNN3.npy, AMS1_ADNN4_VMS3_VDNN4.npy, AMS1_ADNN4_VMS3_VDNN5.npy, AMS1_ADNN4_VMS4_VDNN1.npy, AMS1_ADNN4_VMS4_VDNN2.npy, AMS1_ADNN4_VMS4_VDNN3.npy, AMS1_ADNN4_VMS4_VDNN4.npy, AMS1_ADNN4_VMS4_VDNN5.npy, AMS1_ADNN4_VMS5_VDNN1.npy, AMS1_ADNN4_VMS5_VDNN2.npy, AMS1_ADNN4_VMS5_VDNN3.npy, AMS1_ADNN4_VMS5_VDNN4.npy, AMS1_ADNN4_VMS5_VDNN5.npy",0.0493370964562763,17.108147253912144,41.073355154545645,50,0.5950209432800291,13.84617748428814,50
0.04614786,0.00583815967,"AMS1_ADNN5_VMS1_VDNN1.npy, AMS1_ADNN5_VMS1_VDNN2.npy, AMS1_ADNN5_VMS1_VDNN3.npy, AMS1_ADNN5_VMS1_VDNN4.npy, AMS1_ADNN5_VMS1_VDNN5.npy, AMS1_ADNN5_VMS2_VDNN1.npy, AMS1_ADNN5_VMS2_VDNN2.npy, AMS1_ADNN5_VMS2_VDNN3.npy, AMS1_ADNN5_VMS2_VDNN4.npy, AMS1_ADNN5_VMS2_VDNN5.npy, AMS1_ADNN5_VMS3_VDNN1.npy, AMS1_ADNN5_VMS3_VDNN2.npy, AMS1_ADNN5_VMS3_VDNN3.npy, AMS1_ADNN5_VMS3_VDNN4.npy, AMS1_ADNN5_VMS3_VDNN5.npy, AMS1_ADNN5_VMS4_VDNN1.npy, AMS1_ADNN5_VMS4_VDNN2.npy, AMS1_ADNN5_VMS4_VDNN3.npy, AMS1_ADNN5_VMS4_VDNN4.npy, AMS1_ADNN5_VMS4_VDNN5.npy, AMS1_ADNN5_VMS5_VDNN1.npy, AMS1_ADNN5_VMS5_VDNN2.npy, AMS1_ADNN5_VMS5_VDNN3.npy, AMS1_ADNN5_VMS5_VDNN4.npy, AMS1_ADNN5_VMS5_VDNN5.npy",0.0522031470016711,16.121135650010817,13.52052236938653,55,0.4998054536315918,13.940844638196983,49
0.04614786,28.762206,"AMS1_ADNN6_VMS1_VDNN1.npy, AMS1_ADNN6_VMS1_VDNN2.npy, AMS1_ADNN6_VMS1_VDNN3.npy, AMS1_ADNN6_VMS1_VDNN4.npy, AMS1_ADNN6_VMS1_VDNN5.npy, AMS1_ADNN6_VMS2_VDNN1.npy, AMS1_ADNN6_VMS2_VDNN2.npy, AMS1_ADNN6_VMS2_VDNN3.npy, AMS1_ADNN6_VMS2_VDNN4.npy, AMS1_ADNN6_VMS2_VDNN5.npy, AMS1_ADNN6_VMS3_VDNN1.npy, AMS1_ADNN6_VMS3_VDNN2.npy, AMS1_ADNN6_VMS3_VDNN3.npy, AMS1_ADNN6_VMS3_VDNN4.npy, AMS1_ADNN6_VMS3_VDNN5.npy, AMS1_ADNN6_VMS4_VDNN1.npy, AMS1_ADNN6_VMS4_VDNN2.npy, AMS1_ADNN6_VMS4_VDNN3.npy, AMS1_ADNN6_VMS4_VDNN4.npy, AMS1_ADNN6_VMS4_VDNN5.npy, AMS1_ADNN6_VMS5_VDNN1.npy, AMS1_ADNN6_VMS5_VDNN2.npy, AMS1_ADNN6_VMS5_VDNN3.npy, AMS1_ADNN6_VMS5_VDNN4.npy, AMS1_ADNN6_VMS5_VDNN5.npy",0.0484768323297506,16.803588549103388,25.215118153076112,50,0.5335929965515135,14.340631843674347,50
0.04614786,117.181603,"AMS1_ADNN7_VMS1_VDNN1.npy, AMS1_ADNN7_VMS1_VDNN2.npy, AMS1_ADNN7_VMS1_VDNN3.npy, AMS1_ADNN7_VMS1_VDNN4.npy, AMS1_ADNN7_VMS1_VDNN5.npy, AMS1_ADNN7_VMS2_VDNN1.npy, AMS1_ADNN7_VMS2_VDNN2.npy, AMS1_ADNN7_VMS2_VDNN3.npy, AMS1_ADNN7_VMS2_VDNN4.npy, AMS1_ADNN7_VMS2_VDNN5.npy, AMS1_ADNN7_VMS3_VDNN1.npy, AMS1_ADNN7_VMS3_VDNN2.npy, AMS1_ADNN7_VMS3_VDNN3.npy, AMS1_ADNN7_VMS3_VDNN4.npy, AMS1_ADNN7_VMS3_VDNN5.npy, AMS1_ADNN7_VMS4_VDNN1.npy, AMS1_ADNN7_VMS4_VDNN2.npy, AMS1_ADNN7_VMS4_VDNN3.npy, AMS1_ADNN7_VMS4_VDNN4.npy, AMS1_ADNN7_VMS4_VDNN5.npy, AMS1_ADNN7_VMS5_VDNN1.npy, AMS1_ADNN7_VMS5_VDNN2.npy, AMS1_ADNN7_VMS5_VDNN3.npy, AMS1_ADNN7_VMS5_VDNN4.npy, AMS1_ADNN7_VMS5_VDNN5.npy",0.0489668966971873,17.091957337459046,23.72197471618692,50,0.5233351507232665,15.764012771504023,50
1.11582564,8.74767114,"AMS2_ADNN1_VMS1_VDNN1.npy, AMS2_ADNN1_VMS1_VDNN2.npy, AMS2_ADNN1_VMS1_VDNN3.npy, AMS2_ADNN1_VMS1_VDNN4.npy, AMS2_ADNN1_VMS1_VDNN5.npy, AMS2_ADNN1_VMS2_VDNN1.npy, AMS2_ADNN1_VMS2_VDNN2.npy, AMS2_ADNN1_VMS2_VDNN3.npy, AMS2_ADNN1_VMS2_VDNN4.npy, AMS2_ADNN1_VMS2_VDNN5.npy, AMS2_ADNN1_VMS3_VDNN1.npy, AMS2_ADNN1_VMS3_VDNN2.npy, AMS2_ADNN1_VMS3_VDNN3.npy, AMS2_ADNN1_VMS3_VDNN4.npy, AMS2_ADNN1_VMS3_VDNN5.npy, AMS2_ADNN1_VMS4_VDNN1.npy, AMS2_ADNN1_VMS4_VDNN2.npy, AMS2_ADNN1_VMS4_VDNN3.npy, AMS2_ADNN1_VMS4_VDNN4.npy, AMS2_ADNN1_VMS4_VDNN5.npy, AMS2_ADNN1_VMS5_VDNN1.npy, AMS2_ADNN1_VMS5_VDNN2.npy, AMS2_ADNN1_VMS5_VDNN3.npy, AMS2_ADNN1_VMS5_VDNN4.npy, AMS2_ADNN1_VMS5_VDNN5.npy",0.1829038982240159,15.082048796636236,14.921638229369275,50,0.5818890057250978,15.02584503501146,49
1.11582564,24.4029475,"AMS2_ADNN2_VMS1_VDNN1.npy, AMS2_ADNN2_VMS1_VDNN2.npy, AMS2_ADNN2_VMS1_VDNN3.npy, AMS2_ADNN2_VMS1_VDNN4.npy, AMS2_ADNN2_VMS1_VDNN5.npy, AMS2_ADNN2_VMS2_VDNN1.npy, AMS2_ADNN2_VMS2_VDNN2.npy, AMS2_ADNN2_VMS2_VDNN3.npy, AMS2_ADNN2_VMS2_VDNN4.npy, AMS2_ADNN2_VMS2_VDNN5.npy, AMS2_ADNN2_VMS3_VDNN1.npy, AMS2_ADNN2_VMS3_VDNN2.npy, AMS2_ADNN2_VMS3_VDNN3.npy, AMS2_ADNN2_VMS3_VDNN4.npy, AMS2_ADNN2_VMS3_VDNN5.npy, AMS2_ADNN2_VMS4_VDNN1.npy, AMS2_ADNN2_VMS4_VDNN2.npy, AMS2_ADNN2_VMS4_VDNN3.npy, AMS2_ADNN2_VMS4_VDNN4.npy, AMS2_ADNN2_VMS4_VDNN5.npy, AMS2_ADNN2_VMS5_VDNN1.npy, AMS2_ADNN2_VMS5_VDNN2.npy, AMS2_ADNN2_VMS5_VDNN3.npy, AMS2_ADNN2_VMS5_VDNN4.npy, AMS2_ADNN2_VMS5_VDNN5.npy",0.1824233074438258,14.191210414510392,15.033261068059677,45,0.6001701857666015,15.369067791456626,49
1.11582564,103.460163,"AMS2_ADNN3_VMS1_VDNN1.npy, AMS2_ADNN3_VMS1_VDNN2.npy, AMS2_ADNN3_VMS1_VDNN3.npy, AMS2_ADNN3_VMS1_VDNN4.npy, AMS2_ADNN3_VMS1_VDNN5.npy, AMS2_ADNN3_VMS2_VDNN1.npy, AMS2_ADNN3_VMS2_VDNN2.npy, AMS2_ADNN3_VMS2_VDNN3.npy, AMS2_ADNN3_VMS2_VDNN4.npy, AMS2_ADNN3_VMS2_VDNN5.npy, AMS2_ADNN3_VMS3_VDNN1.npy, AMS2_ADNN3_VMS3_VDNN2.npy, AMS2_ADNN3_VMS3_VDNN3.npy, AMS2_ADNN3_VMS3_VDNN4.npy, AMS2_ADNN3_VMS3_VDNN5.npy, AMS2_ADNN3_VMS4_VDNN1.npy, AMS2_ADNN3_VMS4_VDNN2.npy, AMS2_ADNN3_VMS4_VDNN3.npy, AMS2_ADNN3_VMS4_VDNN4.npy, AMS2_ADNN3_VMS4_VDNN5.npy, AMS2_ADNN3_VMS5_VDNN1.npy, AMS2_ADNN3_VMS5_VDNN2.npy, AMS2_ADNN3_VMS5_VDNN3.npy, AMS2_ADNN3_VMS5_VDNN4.npy, AMS2_ADNN3_VMS5_VDNN5.npy",0.1783387783183258,14.80889654939404,11.173940307617036,50,0.5708602976074216,16.600035172140114,49
1.11582564,0.366064129,"AMS2_ADNN4_VMS1_VDNN1.npy, AMS2_ADNN4_VMS1_VDNN2.npy, AMS2_ADNN4_VMS1_VDNN3.npy, AMS2_ADNN4_VMS1_VDNN4.npy, AMS2_ADNN4_VMS1_VDNN5.npy, AMS2_ADNN4_VMS2_VDNN1.npy, AMS2_ADNN4_VMS2_VDNN2.npy, AMS2_ADNN4_VMS2_VDNN3.npy, AMS2_ADNN4_VMS2_VDNN4.npy, AMS2_ADNN4_VMS2_VDNN5.npy, AMS2_ADNN4_VMS3_VDNN1.npy, AMS2_ADNN4_VMS3_VDNN2.npy, AMS2_ADNN4_VMS3_VDNN3.npy, AMS2_ADNN4_VMS3_VDNN4.npy, AMS2_ADNN4_VMS3_VDNN5.npy, AMS2_ADNN4_VMS4_VDNN1.npy, AMS2_ADNN4_VMS4_VDNN2.npy, AMS2_ADNN4_VMS4_VDNN3.npy, AMS2_ADNN4_VMS4_VDNN4.npy, AMS2_ADNN4_VMS4_VDNN5.npy, AMS2_ADNN4_VMS5_VDNN1.npy, AMS2_ADNN4_VMS5_VDNN2.npy, AMS2_ADNN4_VMS5_VDNN3.npy, AMS2_ADNN4_VMS5_VDNN4.npy, AMS2_ADNN4_VMS5_VDNN5.npy",0.1805861357962551,14.934965673005111,14.242511721280456,50,0.578895562487793,14.899330991167192,49
1.11582564,0.00583815967,"AMS2_ADNN5_VMS1_VDNN1.npy, AMS2_ADNN5_VMS1_VDNN2.npy, AMS2_ADNN5_VMS1_VDNN3.npy, AMS2_ADNN5_VMS1_VDNN4.npy, AMS2_ADNN5_VMS1_VDNN5.npy, AMS2_ADNN5_VMS2_VDNN1.npy, AMS2_ADNN5_VMS2_VDNN2.npy, AMS2_ADNN5_VMS2_VDNN3.npy, AMS2_ADNN5_VMS2_VDNN4.npy, AMS2_ADNN5_VMS2_VDNN5.npy, AMS2_ADNN5_VMS3_VDNN1.npy, AMS2_ADNN5_VMS3_VDNN2.npy, AMS2_ADNN5_VMS3_VDNN3.npy, AMS2_ADNN5_VMS3_VDNN4.npy, AMS2_ADNN5_VMS3_VDNN5.npy, AMS2_ADNN5_VMS4_VDNN1.npy, AMS2_ADNN5_VMS4_VDNN2.npy, AMS2_ADNN5_VMS4_VDNN3.npy, AMS2_ADNN5_VMS4_VDNN4.npy, AMS2_ADNN5_VMS4_VDNN5.npy, AMS2_ADNN5_VMS5_VDNN1.npy, AMS2_ADNN5_VMS5_VDNN2.npy, AMS2_ADNN5_VMS5_VDNN3.npy, AMS2_ADNN5_VMS5_VDNN4.npy, AMS2_ADNN5_VMS5_VDNN5.npy",0.189717035892044,14.59887765822211,28.315064758300213,50,0.6711701729248047,14.939465626414867,49
1.11582564,28.762206,"AMS2_ADNN6_VMS1_VDNN1.npy, AMS2_ADNN6_VMS1_VDNN2.npy, AMS2_ADNN6_VMS1_VDNN3.npy, AMS2_ADNN6_VMS1_VDNN4.npy, AMS2_ADNN6_VMS1_VDNN5.npy, AMS2_ADNN6_VMS2_VDNN1.npy, AMS2_ADNN6_VMS2_VDNN2.npy, AMS2_ADNN6_VMS2_VDNN3.npy, AMS2_ADNN6_VMS2_VDNN4.npy, AMS2_ADNN6_VMS2_VDNN5.npy, AMS2_ADNN6_VMS3_VDNN1.npy, AMS2_ADNN6_VMS3_VDNN2.npy, AMS2_ADNN6_VMS3_VDNN3.npy, AMS2_ADNN6_VMS3_VDNN4.npy, AMS2_ADNN6_VMS3_VDNN5.npy, AMS2_ADNN6_VMS4_VDNN1.npy, AMS2_ADNN6_VMS4_VDNN2.npy, AMS2_ADNN6_VMS4_VDNN3.npy, AMS2_ADNN6_VMS4_VDNN4.npy, AMS2_ADNN6_VMS4_VDNN5.npy, AMS2_ADNN6_VMS5_VDNN1.npy, AMS2_ADNN6_VMS5_VDNN2.npy, AMS2_ADNN6_VMS5_VDNN3.npy, AMS2_ADNN6_VMS5_VDNN4.npy, AMS2_ADNN6_VMS5_VDNN5.npy",0.1772365548170335,14.479584442323157,12.1431872253423,50,0.5757905175750734,15.404919593459862,49
1.11582564,117.181603,"AMS2_ADNN7_VMS1_VDNN1.npy, AMS2_ADNN7_VMS1_VDNN2.npy, AMS2_ADNN7_VMS1_VDNN3.npy, AMS2_ADNN7_VMS1_VDNN4.npy, AMS2_ADNN7_VMS1_VDNN5.npy, AMS2_ADNN7_VMS2_VDNN1.npy, AMS2_ADNN7_VMS2_VDNN2.npy, AMS2_ADNN7_VMS2_VDNN3.npy, AMS2_ADNN7_VMS2_VDNN4.npy, AMS2_ADNN7_VMS2_VDNN5.npy, AMS2_ADNN7_VMS3_VDNN1.npy, AMS2_ADNN7_VMS3_VDNN2.npy, AMS2_ADNN7_VMS3_VDNN3.npy, AMS2_ADNN7_VMS3_VDNN4.npy, AMS2_ADNN7_VMS3_VDNN5.npy, AMS2_ADNN7_VMS4_VDNN1.npy, AMS2_ADNN7_VMS4_VDNN2.npy, AMS2_ADNN7_VMS4_VDNN3.npy, AMS2_ADNN7_VMS4_VDNN4.npy, AMS2_ADNN7_VMS4_VDNN5.npy, AMS2_ADNN7_VMS5_VDNN1.npy, AMS2_ADNN7_VMS5_VDNN2.npy, AMS2_ADNN7_VMS5_VDNN3.npy, AMS2_ADNN7_VMS5_VDNN4.npy, AMS2_ADNN7_VMS5_VDNN5.npy",0.1804442380605428,14.487372134796964,15.016971664429342,50,0.6009857218048097,16.85964500354224,49
0.59584332,8.74767114,"AMS3_ADNN1_VMS1_VDNN1.npy, AMS3_ADNN1_VMS1_VDNN2.npy, AMS3_ADNN1_VMS1_VDNN3.npy, AMS3_ADNN1_VMS1_VDNN4.npy, AMS3_ADNN1_VMS1_VDNN5.npy, AMS3_ADNN1_VMS2_VDNN1.npy, AMS3_ADNN1_VMS2_VDNN2.npy, AMS3_ADNN1_VMS2_VDNN3.npy, AMS3_ADNN1_VMS2_VDNN4.npy, AMS3_ADNN1_VMS2_VDNN5.npy, AMS3_ADNN1_VMS3_VDNN1.npy, AMS3_ADNN1_VMS3_VDNN2.npy, AMS3_ADNN1_VMS3_VDNN3.npy, AMS3_ADNN1_VMS3_VDNN4.npy, AMS3_ADNN1_VMS3_VDNN5.npy, AMS3_ADNN1_VMS4_VDNN1.npy, AMS3_ADNN1_VMS4_VDNN2.npy, AMS3_ADNN1_VMS4_VDNN3.npy, AMS3_ADNN1_VMS4_VDNN4.npy, AMS3_ADNN1_VMS4_VDNN5.npy, AMS3_ADNN1_VMS5_VDNN1.npy, AMS3_ADNN1_VMS5_VDNN2.npy, AMS3_ADNN1_VMS5_VDNN3.npy, AMS3_ADNN1_VMS5_VDNN4.npy, AMS3_ADNN1_VMS5_VDNN5.npy",18.52103588409839,7.898050926874104,37.68622167744126,45,0.4040868513977051,41.940568026795326,49
0.59584332,24.4029475,"AMS3_ADNN2_VMS1_VDNN1.npy, AMS3_ADNN2_VMS1_VDNN2.npy, AMS3_ADNN2_VMS1_VDNN3.npy, AMS3_ADNN2_VMS1_VDNN4.npy, AMS3_ADNN2_VMS1_VDNN5.npy, AMS3_ADNN2_VMS2_VDNN1.npy, AMS3_ADNN2_VMS2_VDNN2.npy, AMS3_ADNN2_VMS2_VDNN3.npy, AMS3_ADNN2_VMS2_VDNN4.npy, AMS3_ADNN2_VMS2_VDNN5.npy, AMS3_ADNN2_VMS3_VDNN1.npy, AMS3_ADNN2_VMS3_VDNN2.npy, AMS3_ADNN2_VMS3_VDNN3.npy, AMS3_ADNN2_VMS3_VDNN4.npy, AMS3_ADNN2_VMS3_VDNN5.npy, AMS3_ADNN2_VMS4_VDNN1.npy, AMS3_ADNN2_VMS4_VDNN2.npy, AMS3_ADNN2_VMS4_VDNN3.npy, AMS3_ADNN2_VMS4_VDNN4.npy, AMS3_ADNN2_VMS4_VDNN5.npy, AMS3_ADNN2_VMS5_VDNN1.npy, AMS3_ADNN2_VMS5_VDNN2.npy, AMS3_ADNN2_VMS5_VDNN3.npy, AMS3_ADNN2_VMS5_VDNN4.npy, AMS3_ADNN2_VMS5_VDNN5.npy",17.636353999132737,8.13667553260602,41.03954595176541,50,0.4133809115478514,40.89429136030624,49
0.59584332,103.460163,"AMS3_ADNN3_VMS1_VDNN1.npy, AMS3_ADNN3_VMS1_VDNN2.npy, AMS3_ADNN3_VMS1_VDNN3.npy, AMS3_ADNN3_VMS1_VDNN4.npy, AMS3_ADNN3_VMS1_VDNN5.npy, AMS3_ADNN3_VMS2_VDNN1.npy, AMS3_ADNN3_VMS2_VDNN2.npy, AMS3_ADNN3_VMS2_VDNN3.npy, AMS3_ADNN3_VMS2_VDNN4.npy, AMS3_ADNN3_VMS2_VDNN5.npy, AMS3_ADNN3_VMS3_VDNN1.npy, AMS3_ADNN3_VMS3_VDNN2.npy, AMS3_ADNN3_VMS3_VDNN3.npy, AMS3_ADNN3_VMS3_VDNN4.npy, AMS3_ADNN3_VMS3_VDNN5.npy, AMS3_ADNN3_VMS4_VDNN1.npy, AMS3_ADNN3_VMS4_VDNN2.npy, AMS3_ADNN3_VMS4_VDNN3.npy, AMS3_ADNN3_VMS4_VDNN4.npy, AMS3_ADNN3_VMS4_VDNN5.npy, AMS3_ADNN3_VMS5_VDNN1.npy, AMS3_ADNN3_VMS5_VDNN2.npy, AMS3_ADNN3_VMS5_VDNN3.npy, AMS3_ADNN3_VMS5_VDNN4.npy, AMS3_ADNN3_VMS5_VDNN5.npy",18.19987302335376,7.736697771684364,40.38345487236052,50,0.4073017349884034,43.04582193277283,49
0.59584332,0.366064129,"AMS3_ADNN4_VMS1_VDNN1.npy, AMS3_ADNN4_VMS1_VDNN2.npy, AMS3_ADNN4_VMS1_VDNN3.npy, AMS3_ADNN4_VMS1_VDNN4.npy, AMS3_ADNN4_VMS1_VDNN5.npy, AMS3_ADNN4_VMS2_VDNN1.npy, AMS3_ADNN4_VMS2_VDNN2.npy, AMS3_ADNN4_VMS2_VDNN3.npy, AMS3_ADNN4_VMS2_VDNN4.npy, AMS3_ADNN4_VMS2_VDNN5.npy, AMS3_ADNN4_VMS3_VDNN1.npy, AMS3_ADNN4_VMS3_VDNN2.npy, AMS3_ADNN4_VMS3_VDNN3.npy, AMS3_ADNN4_VMS3_VDNN4.npy, AMS3_ADNN4_VMS3_VDNN5.npy, AMS3_ADNN4_VMS4_VDNN1.npy, AMS3_ADNN4_VMS4_VDNN2.npy, AMS3_ADNN4_VMS4_VDNN3.npy, AMS3_ADNN4_VMS4_VDNN4.npy, AMS3_ADNN4_VMS4_VDNN5.npy, AMS3_ADNN4_VMS5_VDNN1.npy, AMS3_ADNN4_VMS5_VDNN2.npy, AMS3_ADNN4_VMS5_VDNN3.npy, AMS3_ADNN4_VMS5_VDNN4.npy, AMS3_ADNN4_VMS5_VDNN5.npy",19.127480561762777,7.707984482234673,35.2369062825722,50,0.3996420694793702,42.69893362244544,49
0.59584332,0.00583815967,"AMS3_ADNN5_VMS1_VDNN1.npy, AMS3_ADNN5_VMS1_VDNN2.npy, AMS3_ADNN5_VMS1_VDNN3.npy, AMS3_ADNN5_VMS1_VDNN4.npy, AMS3_ADNN5_VMS1_VDNN5.npy, AMS3_ADNN5_VMS2_VDNN1.npy, AMS3_ADNN5_VMS2_VDNN2.npy, AMS3_ADNN5_VMS2_VDNN3.npy, AMS3_ADNN5_VMS2_VDNN4.npy, AMS3_ADNN5_VMS2_VDNN5.npy, AMS3_ADNN5_VMS3_VDNN1.npy, AMS3_ADNN5_VMS3_VDNN2.npy, AMS3_ADNN5_VMS3_VDNN3.npy, AMS3_ADNN5_VMS3_VDNN4.npy, AMS3_ADNN5_VMS3_VDNN5.npy, AMS3_ADNN5_VMS4_VDNN1.npy, AMS3_ADNN5_VMS4_VDNN2.npy, AMS3_ADNN5_VMS4_VDNN3.npy, AMS3_ADNN5_VMS4_VDNN4.npy, AMS3_ADNN5_VMS4_VDNN5.npy, AMS3_ADNN5_VMS5_VDNN1.npy, AMS3_ADNN5_VMS5_VDNN2.npy, AMS3_ADNN5_VMS5_VDNN3.npy, AMS3_ADNN5_VMS5_VDNN4.npy, AMS3_ADNN5_VMS5_VDNN5.npy",18.68436490959865,7.493125430633473,43.79409119415266,50,0.3942242271118163,42.07297125894369,49
0.59584332,28.762206,"AMS3_ADNN6_VMS1_VDNN1.npy, AMS3_ADNN6_VMS1_VDNN2.npy, AMS3_ADNN6_VMS1_VDNN3.npy, AMS3_ADNN6_VMS1_VDNN4.npy, AMS3_ADNN6_VMS1_VDNN5.npy, AMS3_ADNN6_VMS2_VDNN1.npy, AMS3_ADNN6_VMS2_VDNN2.npy, AMS3_ADNN6_VMS2_VDNN3.npy, AMS3_ADNN6_VMS2_VDNN4.npy, AMS3_ADNN6_VMS2_VDNN5.npy, AMS3_ADNN6_VMS3_VDNN1.npy, AMS3_ADNN6_VMS3_VDNN2.npy, AMS3_ADNN6_VMS3_VDNN3.npy, AMS3_ADNN6_VMS3_VDNN4.npy, AMS3_ADNN6_VMS3_VDNN5.npy, AMS3_ADNN6_VMS4_VDNN1.npy, AMS3_ADNN6_VMS4_VDNN2.npy, AMS3_ADNN6_VMS4_VDNN3.npy, AMS3_ADNN6_VMS4_VDNN4.npy, AMS3_ADNN6_VMS4_VDNN5.npy, AMS3_ADNN6_VMS5_VDNN1.npy, AMS3_ADNN6_VMS5_VDNN2.npy, AMS3_ADNN6_VMS5_VDNN3.npy, AMS3_ADNN6_VMS5_VDNN4.npy, AMS3_ADNN6_VMS5_VDNN5.npy",18.14554116492885,7.657852584875765,41.10146912384076,55,0.4168481816619874,41.74922968280584,49
0.59584332,117.181603,"AMS3_ADNN7_VMS1_VDNN1.npy, AMS3_ADNN7_VMS1_VDNN2.npy, AMS3_ADNN7_VMS1_VDNN3.npy, AMS3_ADNN7_VMS1_VDNN4.npy, AMS3_ADNN7_VMS1_VDNN5.npy, AMS3_ADNN7_VMS2_VDNN1.npy, AMS3_ADNN7_VMS2_VDNN2.npy, AMS3_ADNN7_VMS2_VDNN3.npy, AMS3_ADNN7_VMS2_VDNN4.npy, AMS3_ADNN7_VMS2_VDNN5.npy, AMS3_ADNN7_VMS3_VDNN1.npy, AMS3_ADNN7_VMS3_VDNN2.npy, AMS3_ADNN7_VMS3_VDNN3.npy, AMS3_ADNN7_VMS3_VDNN4.npy, AMS3_ADNN7_VMS3_VDNN5.npy, AMS3_ADNN7_VMS4_VDNN1.npy, AMS3_ADNN7_VMS4_VDNN2.npy, AMS3_ADNN7_VMS4_VDNN3.npy, AMS3_ADNN7_VMS4_VDNN4.npy, AMS3_ADNN7_VMS4_VDNN5.npy, AMS3_ADNN7_VMS5_VDNN1.npy, AMS3_ADNN7_VMS5_VDNN2.npy, AMS3_ADNN7_VMS5_VDNN3.npy, AMS3_ADNN7_VMS5_VDNN4.npy, AMS3_ADNN7_VMS5_VDNN5.npy",18.49024963704069,7.826171363318035,47.244552832070994,50,0.4054448166564942,43.68231103333961,49
0.14998521,8.74767114,"AMS4_ADNN1_VMS1_VDNN1.npy, AMS4_ADNN1_VMS1_VDNN2.npy, AMS4_ADNN1_VMS1_VDNN3.npy, AMS4_ADNN1_VMS1_VDNN4.npy, AMS4_ADNN1_VMS1_VDNN5.npy, AMS4_ADNN1_VMS2_VDNN1.npy, AMS4_ADNN1_VMS2_VDNN2.npy, AMS4_ADNN1_VMS2_VDNN3.npy, AMS4_ADNN1_VMS2_VDNN4.npy, AMS4_ADNN1_VMS2_VDNN5.npy, AMS4_ADNN1_VMS3_VDNN1.npy, AMS4_ADNN1_VMS3_VDNN2.npy, AMS4_ADNN1_VMS3_VDNN3.npy, AMS4_ADNN1_VMS3_VDNN4.npy, AMS4_ADNN1_VMS3_VDNN5.npy, AMS4_ADNN1_VMS4_VDNN1.npy, AMS4_ADNN1_VMS4_VDNN2.npy, AMS4_ADNN1_VMS4_VDNN3.npy, AMS4_ADNN1_VMS4_VDNN4.npy, AMS4_ADNN1_VMS4_VDNN5.npy, AMS4_ADNN1_VMS5_VDNN1.npy, AMS4_ADNN1_VMS5_VDNN2.npy, AMS4_ADNN1_VMS5_VDNN3.npy, AMS4_ADNN1_VMS5_VDNN4.npy, AMS4_ADNN1_VMS5_VDNN5.npy",13.029276191422468,19.384743915252777,40.20227210446464,50,0.504484433770752,32.602200609515826,50
0.14998521,24.4029475,"AMS4_ADNN2_VMS1_VDNN1.npy, AMS4_ADNN2_VMS1_VDNN2.npy, AMS4_ADNN2_VMS1_VDNN3.npy, AMS4_ADNN2_VMS1_VDNN4.npy, AMS4_ADNN2_VMS1_VDNN5.npy, AMS4_ADNN2_VMS2_VDNN1.npy, AMS4_ADNN2_VMS2_VDNN2.npy, AMS4_ADNN2_VMS2_VDNN3.npy, AMS4_ADNN2_VMS2_VDNN4.npy, AMS4_ADNN2_VMS2_VDNN5.npy, AMS4_ADNN2_VMS3_VDNN1.npy, AMS4_ADNN2_VMS3_VDNN2.npy, AMS4_ADNN2_VMS3_VDNN3.npy, AMS4_ADNN2_VMS3_VDNN4.npy, AMS4_ADNN2_VMS3_VDNN5.npy, AMS4_ADNN2_VMS4_VDNN1.npy, AMS4_ADNN2_VMS4_VDNN2.npy, AMS4_ADNN2_VMS4_VDNN3.npy, AMS4_ADNN2_VMS4_VDNN4.npy, AMS4_ADNN2_VMS4_VDNN5.npy, AMS4_ADNN2_VMS5_VDNN1.npy, AMS4_ADNN2_VMS5_VDNN2.npy, AMS4_ADNN2_VMS5_VDNN3.npy, AMS4_ADNN2_VMS5_VDNN4.npy, AMS4_ADNN2_VMS5_VDNN5.npy",13.623649628076784,19.78778401393327,31.59723822844873,45,0.492208394580078,33.679569713625675,50
0.14998521,103.460163,"AMS4_ADNN3_VMS1_VDNN1.npy, AMS4_ADNN3_VMS1_VDNN2.npy, AMS4_ADNN3_VMS1_VDNN3.npy, AMS4_ADNN3_VMS1_VDNN4.npy, AMS4_ADNN3_VMS1_VDNN5.npy, AMS4_ADNN3_VMS2_VDNN1.npy, AMS4_ADNN3_VMS2_VDNN2.npy, AMS4_ADNN3_VMS2_VDNN3.npy, AMS4_ADNN3_VMS2_VDNN4.npy, AMS4_ADNN3_VMS2_VDNN5.npy, AMS4_ADNN3_VMS3_VDNN1.npy, AMS4_ADNN3_VMS3_VDNN2.npy, AMS4_ADNN3_VMS3_VDNN3.npy, AMS4_ADNN3_VMS3_VDNN4.npy, AMS4_ADNN3_VMS3_VDNN5.npy, AMS4_ADNN3_VMS4_VDNN1.npy, AMS4_ADNN3_VMS4_VDNN2.npy, AMS4_ADNN3_VMS4_VDNN3.npy, AMS4_ADNN3_VMS4_VDNN4.npy, AMS4_ADNN3_VMS4_VDNN5.npy, AMS4_ADNN3_VMS5_VDNN1.npy, AMS4_ADNN3_VMS5_VDNN2.npy, AMS4_ADNN3_VMS5_VDNN3.npy, AMS4_ADNN3_VMS5_VDNN4.npy, AMS4_ADNN3_VMS5_VDNN5.npy",13.670651974885246,19.113160928167343,35.8587264532604,55,0.4953457910156249,35.110702642732235,50
0.14998521,0.366064129,"AMS4_ADNN4_VMS1_VDNN1.npy, AMS4_ADNN4_VMS1_VDNN2.npy, AMS4_ADNN4_VMS1_VDNN3.npy, AMS4_ADNN4_VMS1_VDNN4.npy, AMS4_ADNN4_VMS1_VDNN5.npy, AMS4_ADNN4_VMS2_VDNN1.npy, AMS4_ADNN4_VMS2_VDNN2.npy, AMS4_ADNN4_VMS2_VDNN3.npy, AMS4_ADNN4_VMS2_VDNN4.npy, AMS4_ADNN4_VMS2_VDNN5.npy, AMS4_ADNN4_VMS3_VDNN1.npy, AMS4_ADNN4_VMS3_VDNN2.npy, AMS4_ADNN4_VMS3_VDNN3.npy, AMS4_ADNN4_VMS3_VDNN4.npy, AMS4_ADNN4_VMS3_VDNN5.npy, AMS4_ADNN4_VMS4_VDNN1.npy, AMS4_ADNN4_VMS4_VDNN2.npy, AMS4_ADNN4_VMS4_VDNN3.npy, AMS4_ADNN4_VMS4_VDNN4.npy, AMS4_ADNN4_VMS4_VDNN5.npy, AMS4_ADNN4_VMS5_VDNN1.npy, AMS4_ADNN4_VMS5_VDNN2.npy, AMS4_ADNN4_VMS5_VDNN3.npy, AMS4_ADNN4_VMS5_VDNN4.npy, AMS4_ADNN4_VMS5_VDNN5.npy",12.74999225132023,19.640155771691823,38.1654598920818,50,0.5180383192321776,32.035683044653965,50
0.14998521,0.00583815967,"AMS4_ADNN5_VMS1_VDNN1.npy, AMS4_ADNN5_VMS1_VDNN2.npy, AMS4_ADNN5_VMS1_VDNN3.npy, AMS4_ADNN5_VMS1_VDNN4.npy, AMS4_ADNN5_VMS1_VDNN5.npy, AMS4_ADNN5_VMS2_VDNN1.npy, AMS4_ADNN5_VMS2_VDNN2.npy, AMS4_ADNN5_VMS2_VDNN3.npy, AMS4_ADNN5_VMS2_VDNN4.npy, AMS4_ADNN5_VMS2_VDNN5.npy, AMS4_ADNN5_VMS3_VDNN1.npy, AMS4_ADNN5_VMS3_VDNN2.npy, AMS4_ADNN5_VMS3_VDNN3.npy, AMS4_ADNN5_VMS3_VDNN4.npy, AMS4_ADNN5_VMS3_VDNN5.npy, AMS4_ADNN5_VMS4_VDNN1.npy, AMS4_ADNN5_VMS4_VDNN2.npy, AMS4_ADNN5_VMS4_VDNN3.npy, AMS4_ADNN5_VMS4_VDNN4.npy, AMS4_ADNN5_VMS4_VDNN5.npy, AMS4_ADNN5_VMS5_VDNN1.npy, AMS4_ADNN5_VMS5_VDNN2.npy, AMS4_ADNN5_VMS5_VDNN3.npy, AMS4_ADNN5_VMS5_VDNN4.npy, AMS4_ADNN5_VMS5_VDNN5.npy",13.093369424903768,19.577550851118147,37.92380018615727,50,0.507078283364868,32.53264321624632,50
0.14998521,28.762206,"AMS4_ADNN6_VMS1_VDNN1.npy, AMS4_ADNN6_VMS1_VDNN2.npy, AMS4_ADNN6_VMS1_VDNN3.npy, AMS4_ADNN6_VMS1_VDNN4.npy, AMS4_ADNN6_VMS1_VDNN5.npy, AMS4_ADNN6_VMS2_VDNN1.npy, AMS4_ADNN6_VMS2_VDNN2.npy, AMS4_ADNN6_VMS2_VDNN3.npy, AMS4_ADNN6_VMS2_VDNN4.npy, AMS4_ADNN6_VMS2_VDNN5.npy, AMS4_ADNN6_VMS3_VDNN1.npy, AMS4_ADNN6_VMS3_VDNN2.npy, AMS4_ADNN6_VMS3_VDNN3.npy, AMS4_ADNN6_VMS3_VDNN4.npy, AMS4_ADNN6_VMS3_VDNN5.npy, AMS4_ADNN6_VMS4_VDNN1.npy, AMS4_ADNN6_VMS4_VDNN2.npy, AMS4_ADNN6_VMS4_VDNN3.npy, AMS4_ADNN6_VMS4_VDNN4.npy, AMS4_ADNN6_VMS4_VDNN5.npy, AMS4_ADNN6_VMS5_VDNN1.npy, AMS4_ADNN6_VMS5_VDNN2.npy, AMS4_ADNN6_VMS5_VDNN3.npy, AMS4_ADNN6_VMS5_VDNN4.npy, AMS4_ADNN6_VMS5_VDNN5.npy",13.132006273972042,20.22315146654216,34.08768282318032,50,0.4989715376586913,32.99731655843423,50
0.14998521,117.181603,"AMS4_ADNN7_VMS1_VDNN1.npy, AMS4_ADNN7_VMS1_VDNN2.npy, AMS4_ADNN7_VMS1_VDNN3.npy, AMS4_ADNN7_VMS1_VDNN4.npy, AMS4_ADNN7_VMS1_VDNN5.npy, AMS4_ADNN7_VMS2_VDNN1.npy, AMS4_ADNN7_VMS2_VDNN2.npy, AMS4_ADNN7_VMS2_VDNN3.npy, AMS4_ADNN7_VMS2_VDNN4.npy, AMS4_ADNN7_VMS2_VDNN5.npy, AMS4_ADNN7_VMS3_VDNN1.npy, AMS4_ADNN7_VMS3_VDNN2.npy, AMS4_ADNN7_VMS3_VDNN3.npy, AMS4_ADNN7_VMS3_VDNN4.npy, AMS4_ADNN7_VMS3_VDNN5.npy, AMS4_ADNN7_VMS4_VDNN1.npy, AMS4_ADNN7_VMS4_VDNN2.npy, AMS4_ADNN7_VMS4_VDNN3.npy, AMS4_ADNN7_VMS4_VDNN4.npy, AMS4_ADNN7_VMS4_VDNN5.npy, AMS4_ADNN7_VMS5_VDNN1.npy, AMS4_ADNN7_VMS5_VDNN2.npy, AMS4_ADNN7_VMS5_VDNN3.npy, AMS4_ADNN7_VMS5_VDNN4.npy, AMS4_ADNN7_VMS5_VDNN5.npy",12.722707468270938,20.29071002097044,29.38027682700108,45,0.5034020869934084,33.849440344347656,50
0.00265069,8.74767114,"AMS5_ADNN1_VMS1_VDNN1.npy, AMS5_ADNN1_VMS1_VDNN2.npy, AMS5_ADNN1_VMS1_VDNN3.npy, AMS5_ADNN1_VMS1_VDNN4.npy, AMS5_ADNN1_VMS1_VDNN5.npy, AMS5_ADNN1_VMS2_VDNN1.npy, AMS5_ADNN1_VMS2_VDNN2.npy, AMS5_ADNN1_VMS2_VDNN3.npy, AMS5_ADNN1_VMS2_VDNN4.npy, AMS5_ADNN1_VMS2_VDNN5.npy, AMS5_ADNN1_VMS3_VDNN1.npy, AMS5_ADNN1_VMS3_VDNN2.npy, AMS5_ADNN1_VMS3_VDNN3.npy, AMS5_ADNN1_VMS3_VDNN4.npy, AMS5_ADNN1_VMS3_VDNN5.npy, AMS5_ADNN1_VMS4_VDNN1.npy, AMS5_ADNN1_VMS4_VDNN2.npy, AMS5_ADNN1_VMS4_VDNN3.npy, AMS5_ADNN1_VMS4_VDNN4.npy, AMS5_ADNN1_VMS4_VDNN5.npy, AMS5_ADNN1_VMS5_VDNN1.npy, AMS5_ADNN1_VMS5_VDNN2.npy, AMS5_ADNN1_VMS5_VDNN3.npy, AMS5_ADNN1_VMS5_VDNN4.npy, AMS5_ADNN1_VMS5_VDNN5.npy",0.4931879589191646,0.1209932614544776,12.90240914916885,50,0.6990569574310302,16.259002488034792,49
0.00265069,24.4029475,"AMS5_ADNN2_VMS1_VDNN1.npy, AMS5_ADNN2_VMS1_VDNN2.npy, AMS5_ADNN2_VMS1_VDNN3.npy, AMS5_ADNN2_VMS1_VDNN4.npy, AMS5_ADNN2_VMS1_VDNN5.npy, AMS5_ADNN2_VMS2_VDNN1.npy, AMS5_ADNN2_VMS2_VDNN2.npy, AMS5_ADNN2_VMS2_VDNN3.npy, AMS5_ADNN2_VMS2_VDNN4.npy, AMS5_ADNN2_VMS2_VDNN5.npy, AMS5_ADNN2_VMS3_VDNN1.npy, AMS5_ADNN2_VMS3_VDNN2.npy, AMS5_ADNN2_VMS3_VDNN3.npy, AMS5_ADNN2_VMS3_VDNN4.npy, AMS5_ADNN2_VMS3_VDNN5.npy, AMS5_ADNN2_VMS4_VDNN1.npy, AMS5_ADNN2_VMS4_VDNN2.npy, AMS5_ADNN2_VMS4_VDNN3.npy, AMS5_ADNN2_VMS4_VDNN4.npy, AMS5_ADNN2_VMS4_VDNN5.npy, AMS5_ADNN2_VMS5_VDNN1.npy, AMS5_ADNN2_VMS5_VDNN2.npy, AMS5_ADNN2_VMS5_VDNN3.npy, AMS5_ADNN2_VMS5_VDNN4.npy, AMS5_ADNN2_VMS5_VDNN5.npy",0.5047984797440599,0.1220971265917761,15.024188690185802,45,0.7029895461242673,16.53257372362232,49
0.00265069,103.460163,"AMS5_ADNN3_VMS1_VDNN1.npy, AMS5_ADNN3_VMS1_VDNN2.npy, AMS5_ADNN3_VMS1_VDNN3.npy, AMS5_ADNN3_VMS1_VDNN4.npy, AMS5_ADNN3_VMS1_VDNN5.npy, AMS5_ADNN3_VMS2_VDNN1.npy, AMS5_ADNN3_VMS2_VDNN2.npy, AMS5_ADNN3_VMS2_VDNN3.npy, AMS5_ADNN3_VMS2_VDNN4.npy, AMS5_ADNN3_VMS2_VDNN5.npy, AMS5_ADNN3_VMS3_VDNN1.npy, AMS5_ADNN3_VMS3_VDNN2.npy, AMS5_ADNN3_VMS3_VDNN3.npy, AMS5_ADNN3_VMS3_VDNN4.npy, AMS5_ADNN3_VMS3_VDNN5.npy, AMS5_ADNN3_VMS4_VDNN1.npy, AMS5_ADNN3_VMS4_VDNN2.npy, AMS5_ADNN3_VMS4_VDNN3.npy, AMS5_ADNN3_VMS4_VDNN4.npy, AMS5_ADNN3_VMS4_VDNN5.npy, AMS5_ADNN3_VMS5_VDNN1.npy, AMS5_ADNN3_VMS5_VDNN2.npy, AMS5_ADNN3_VMS5_VDNN3.npy, AMS5_ADNN3_VMS5_VDNN4.npy, AMS5_ADNN3_VMS5_VDNN5.npy",0.494469203184209,0.1217007344684073,16.852658752440306,50,0.7286471116027832,17.81489410856135,49
0.00265069,0.366064129,"AMS5_ADNN4_VMS1_VDNN1.npy, AMS5_ADNN4_VMS1_VDNN2.npy, AMS5_ADNN4_VMS1_VDNN3.npy, AMS5_ADNN4_VMS1_VDNN4.npy, AMS5_ADNN4_VMS1_VDNN5.npy, AMS5_ADNN4_VMS2_VDNN1.npy, AMS5_ADNN4_VMS2_VDNN2.npy, AMS5_ADNN4_VMS2_VDNN3.npy, AMS5_ADNN4_VMS2_VDNN4.npy, AMS5_ADNN4_VMS2_VDNN5.npy, AMS5_ADNN4_VMS3_VDNN1.npy, AMS5_ADNN4_VMS3_VDNN2.npy, AMS5_ADNN4_VMS3_VDNN3.npy, AMS5_ADNN4_VMS3_VDNN4.npy, AMS5_ADNN4_VMS3_VDNN5.npy, AMS5_ADNN4_VMS4_VDNN1.npy, AMS5_ADNN4_VMS4_VDNN2.npy, AMS5_ADNN4_VMS4_VDNN3.npy, AMS5_ADNN4_VMS4_VDNN4.npy, AMS5_ADNN4_VMS4_VDNN5.npy, AMS5_ADNN4_VMS5_VDNN1.npy, AMS5_ADNN4_VMS5_VDNN2.npy, AMS5_ADNN4_VMS5_VDNN3.npy, AMS5_ADNN4_VMS5_VDNN4.npy, AMS5_ADNN4_VMS5_VDNN5.npy",0.4712321587595869,0.1233241808742856,12.182294952391937,50,0.68918130697937,16.089480766370553,49
0.00265069,0.00583815967,"AMS5_ADNN5_VMS1_VDNN1.npy, AMS5_ADNN5_VMS1_VDNN2.npy, AMS5_ADNN5_VMS1_VDNN3.npy, AMS5_ADNN5_VMS1_VDNN4.npy, AMS5_ADNN5_VMS1_VDNN5.npy, AMS5_ADNN5_VMS2_VDNN1.npy, AMS5_ADNN5_VMS2_VDNN2.npy, AMS5_ADNN5_VMS2_VDNN3.npy, AMS5_ADNN5_VMS2_VDNN4.npy, AMS5_ADNN5_VMS2_VDNN5.npy, AMS5_ADNN5_VMS3_VDNN1.npy, AMS5_ADNN5_VMS3_VDNN2.npy, AMS5_ADNN5_VMS3_VDNN3.npy, AMS5_ADNN5_VMS3_VDNN4.npy, AMS5_ADNN5_VMS3_VDNN5.npy, AMS5_ADNN5_VMS4_VDNN1.npy, AMS5_ADNN5_VMS4_VDNN2.npy, AMS5_ADNN5_VMS4_VDNN3.npy, AMS5_ADNN5_VMS4_VDNN4.npy, AMS5_ADNN5_VMS4_VDNN5.npy, AMS5_ADNN5_VMS5_VDNN1.npy, AMS5_ADNN5_VMS5_VDNN2.npy, AMS5_ADNN5_VMS5_VDNN3.npy, AMS5_ADNN5_VMS5_VDNN4.npy, AMS5_ADNN5_VMS5_VDNN5.npy",0.4743569506856337,0.1242066162016163,12.255096633911291,50,0.7010784265167236,16.088004270135606,49
0.00265069,28.762206,"AMS5_ADNN6_VMS1_VDNN1.npy, AMS5_ADNN6_VMS1_VDNN2.npy, AMS5_ADNN6_VMS1_VDNN3.npy, AMS5_ADNN6_VMS1_VDNN4.npy, AMS5_ADNN6_VMS1_VDNN5.npy, AMS5_ADNN6_VMS2_VDNN1.npy, AMS5_ADNN6_VMS2_VDNN2.npy, AMS5_ADNN6_VMS2_VDNN3.npy, AMS5_ADNN6_VMS2_VDNN4.npy, AMS5_ADNN6_VMS2_VDNN5.npy, AMS5_ADNN6_VMS3_VDNN1.npy, AMS5_ADNN6_VMS3_VDNN2.npy, AMS5_ADNN6_VMS3_VDNN3.npy, AMS5_ADNN6_VMS3_VDNN4.npy, AMS5_ADNN6_VMS3_VDNN5.npy, AMS5_ADNN6_VMS4_VDNN1.npy, AMS5_ADNN6_VMS4_VDNN2.npy, AMS5_ADNN6_VMS4_VDNN3.npy, AMS5_ADNN6_VMS4_VDNN4.npy, AMS5_ADNN6_VMS4_VDNN5.npy, AMS5_ADNN6_VMS5_VDNN1.npy, AMS5_ADNN6_VMS5_VDNN2.npy, AMS5_ADNN6_VMS5_VDNN3.npy, AMS5_ADNN6_VMS5_VDNN4.npy, AMS5_ADNN6_VMS5_VDNN5.npy",0.4872838487442039,0.1292377862165141,13.47118381378229,45,0.7033526754089355,16.57806782189141,49
0.00265069,117.181603,"AMS5_ADNN7_VMS1_VDNN1.npy, AMS5_ADNN7_VMS1_VDNN2.npy, AMS5_ADNN7_VMS1_VDNN3.npy, AMS5_ADNN7_VMS1_VDNN4.npy, AMS5_ADNN7_VMS1_VDNN5.npy, AMS5_ADNN7_VMS2_VDNN1.npy, AMS5_ADNN7_VMS2_VDNN2.npy, AMS5_ADNN7_VMS2_VDNN3.npy, AMS5_ADNN7_VMS2_VDNN4.npy, AMS5_ADNN7_VMS2_VDNN5.npy, AMS5_ADNN7_VMS3_VDNN1.npy, AMS5_ADNN7_VMS3_VDNN2.npy, AMS5_ADNN7_VMS3_VDNN3.npy, AMS5_ADNN7_VMS3_VDNN4.npy, AMS5_ADNN7_VMS3_VDNN5.npy, AMS5_ADNN7_VMS4_VDNN1.npy, AMS5_ADNN7_VMS4_VDNN2.npy, AMS5_ADNN7_VMS4_VDNN3.npy, AMS5_ADNN7_VMS4_VDNN4.npy, AMS5_ADNN7_VMS4_VDNN5.npy, AMS5_ADNN7_VMS5_VDNN1.npy, AMS5_ADNN7_VMS5_VDNN2.npy, AMS5_ADNN7_VMS5_VDNN3.npy, AMS5_ADNN7_VMS5_VDNN4.npy, AMS5_ADNN7_VMS5_VDNN5.npy",0.5011664718003257,0.1242050308146786,17.91428630828758,50,0.6986635163513184,18.049488945399784,49
0.00725927,8.74767114,"AMS6_ADNN1_VMS1_VDNN1.npy, AMS6_ADNN1_VMS1_VDNN2.npy, AMS6_ADNN1_VMS1_VDNN3.npy, AMS6_ADNN1_VMS1_VDNN4.npy, AMS6_ADNN1_VMS1_VDNN5.npy, AMS6_ADNN1_VMS2_VDNN1.npy, AMS6_ADNN1_VMS2_VDNN2.npy, AMS6_ADNN1_VMS2_VDNN3.npy, AMS6_ADNN1_VMS2_VDNN4.npy, AMS6_ADNN1_VMS2_VDNN5.npy, AMS6_ADNN1_VMS3_VDNN1.npy, AMS6_ADNN1_VMS3_VDNN2.npy, AMS6_ADNN1_VMS3_VDNN3.npy, AMS6_ADNN1_VMS3_VDNN4.npy, AMS6_ADNN1_VMS3_VDNN5.npy, AMS6_ADNN1_VMS4_VDNN1.npy, AMS6_ADNN1_VMS4_VDNN2.npy, AMS6_ADNN1_VMS4_VDNN3.npy, AMS6_ADNN1_VMS4_VDNN4.npy, AMS6_ADNN1_VMS4_VDNN5.npy, AMS6_ADNN1_VMS5_VDNN1.npy, AMS6_ADNN1_VMS5_VDNN2.npy, AMS6_ADNN1_VMS5_VDNN3.npy, AMS6_ADNN1_VMS5_VDNN4.npy, AMS6_ADNN1_VMS5_VDNN5.npy",0.0095115044970391,32.97669025924241,9.368535396426374,50,0.407468166229248,12.352060000900282,51
0.00725927,24.4029475,"AMS6_ADNN2_VMS1_VDNN1.npy, AMS6_ADNN2_VMS1_VDNN2.npy, AMS6_ADNN2_VMS1_VDNN3.npy, AMS6_ADNN2_VMS1_VDNN4.npy, AMS6_ADNN2_VMS1_VDNN5.npy, AMS6_ADNN2_VMS2_VDNN1.npy, AMS6_ADNN2_VMS2_VDNN2.npy, AMS6_ADNN2_VMS2_VDNN3.npy, AMS6_ADNN2_VMS2_VDNN4.npy, AMS6_ADNN2_VMS2_VDNN5.npy, AMS6_ADNN2_VMS3_VDNN1.npy, AMS6_ADNN2_VMS3_VDNN2.npy, AMS6_ADNN2_VMS3_VDNN3.npy, AMS6_ADNN2_VMS3_VDNN4.npy, AMS6_ADNN2_VMS3_VDNN5.npy, AMS6_ADNN2_VMS4_VDNN1.npy, AMS6_ADNN2_VMS4_VDNN2.npy, AMS6_ADNN2_VMS4_VDNN3.npy, AMS6_ADNN2_VMS4_VDNN4.npy, AMS6_ADNN2_VMS4_VDNN5.npy, AMS6_ADNN2_VMS5_VDNN1.npy, AMS6_ADNN2_VMS5_VDNN2.npy, AMS6_ADNN2_VMS5_VDNN3.npy, AMS6_ADNN2_VMS5_VDNN4.npy, AMS6_ADNN2_VMS5_VDNN5.npy",0.0089358179217643,32.03430611597198,7.604359024047214,45,0.3991890276733398,12.700181243091038,51
0.00725927,103.460163,"AMS6_ADNN3_VMS1_VDNN1.npy, AMS6_ADNN3_VMS1_VDNN2.npy, AMS6_ADNN3_VMS1_VDNN3.npy, AMS6_ADNN3_VMS1_VDNN4.npy, AMS6_ADNN3_VMS1_VDNN5.npy, AMS6_ADNN3_VMS2_VDNN1.npy, AMS6_ADNN3_VMS2_VDNN2.npy, AMS6_ADNN3_VMS2_VDNN3.npy, AMS6_ADNN3_VMS2_VDNN4.npy, AMS6_ADNN3_VMS2_VDNN5.npy, AMS6_ADNN3_VMS3_VDNN1.npy, AMS6_ADNN3_VMS3_VDNN2.npy, AMS6_ADNN3_VMS3_VDNN3.npy, AMS6_ADNN3_VMS3_VDNN4.npy, AMS6_ADNN3_VMS3_VDNN5.npy, AMS6_ADNN3_VMS4_VDNN1.npy, AMS6_ADNN3_VMS4_VDNN2.npy, AMS6_ADNN3_VMS4_VDNN3.npy, AMS6_ADNN3_VMS4_VDNN4.npy, AMS6_ADNN3_VMS4_VDNN5.npy, AMS6_ADNN3_VMS5_VDNN1.npy, AMS6_ADNN3_VMS5_VDNN2.npy, AMS6_ADNN3_VMS5_VDNN3.npy, AMS6_ADNN3_VMS5_VDNN4.npy, AMS6_ADNN3_VMS5_VDNN5.npy",0.0094983733873739,32.25783426313577,9.91656235961887,55,0.4034297460113525,13.976380956556657,51
0.00725927,0.366064129,"AMS6_ADNN4_VMS1_VDNN1.npy, AMS6_ADNN4_VMS1_VDNN2.npy, AMS6_ADNN4_VMS1_VDNN3.npy, AMS6_ADNN4_VMS1_VDNN4.npy, AMS6_ADNN4_VMS1_VDNN5.npy, AMS6_ADNN4_VMS2_VDNN1.npy, AMS6_ADNN4_VMS2_VDNN2.npy, AMS6_ADNN4_VMS2_VDNN3.npy, AMS6_ADNN4_VMS2_VDNN4.npy, AMS6_ADNN4_VMS2_VDNN5.npy, AMS6_ADNN4_VMS3_VDNN1.npy, AMS6_ADNN4_VMS3_VDNN2.npy, AMS6_ADNN4_VMS3_VDNN3.npy, AMS6_ADNN4_VMS3_VDNN4.npy, AMS6_ADNN4_VMS3_VDNN5.npy, AMS6_ADNN4_VMS4_VDNN1.npy, AMS6_ADNN4_VMS4_VDNN2.npy, AMS6_ADNN4_VMS4_VDNN3.npy, AMS6_ADNN4_VMS4_VDNN4.npy, AMS6_ADNN4_VMS4_VDNN5.npy, AMS6_ADNN4_VMS5_VDNN1.npy, AMS6_ADNN4_VMS5_VDNN2.npy, AMS6_ADNN4_VMS5_VDNN3.npy, AMS6_ADNN4_VMS5_VDNN4.npy, AMS6_ADNN4_VMS5_VDNN5.npy",0.0094209768020383,31.741399229109803,8.688391840515127,50,0.400798973348999,12.335086739131647,50
0.00725927,0.00583815967,"AMS6_ADNN5_VMS1_VDNN1.npy, AMS6_ADNN5_VMS1_VDNN2.npy, AMS6_ADNN5_VMS1_VDNN3.npy, AMS6_ADNN5_VMS1_VDNN4.npy, AMS6_ADNN5_VMS1_VDNN5.npy, AMS6_ADNN5_VMS2_VDNN1.npy, AMS6_ADNN5_VMS2_VDNN2.npy, AMS6_ADNN5_VMS2_VDNN3.npy, AMS6_ADNN5_VMS2_VDNN4.npy, AMS6_ADNN5_VMS2_VDNN5.npy, AMS6_ADNN5_VMS3_VDNN1.npy, AMS6_ADNN5_VMS3_VDNN2.npy, AMS6_ADNN5_VMS3_VDNN3.npy, AMS6_ADNN5_VMS3_VDNN4.npy, AMS6_ADNN5_VMS3_VDNN5.npy, AMS6_ADNN5_VMS4_VDNN1.npy, AMS6_ADNN5_VMS4_VDNN2.npy, AMS6_ADNN5_VMS4_VDNN3.npy, AMS6_ADNN5_VMS4_VDNN4.npy, AMS6_ADNN5_VMS4_VDNN5.npy, AMS6_ADNN5_VMS5_VDNN1.npy, AMS6_ADNN5_VMS5_VDNN2.npy, AMS6_ADNN5_VMS5_VDNN3.npy, AMS6_ADNN5_VMS5_VDNN4.npy, AMS6_ADNN5_VMS5_VDNN5.npy",0.009160823033108,32.3934240202679,6.212639359036884,55,0.4013612795989988,12.265096253087268,51
0.00725927,28.762206,"AMS6_ADNN6_VMS1_VDNN1.npy, AMS6_ADNN6_VMS1_VDNN2.npy, AMS6_ADNN6_VMS1_VDNN3.npy, AMS6_ADNN6_VMS1_VDNN4.npy, AMS6_ADNN6_VMS1_VDNN5.npy, AMS6_ADNN6_VMS2_VDNN1.npy, AMS6_ADNN6_VMS2_VDNN2.npy, AMS6_ADNN6_VMS2_VDNN3.npy, AMS6_ADNN6_VMS2_VDNN4.npy, AMS6_ADNN6_VMS2_VDNN5.npy, AMS6_ADNN6_VMS3_VDNN1.npy, AMS6_ADNN6_VMS3_VDNN2.npy, AMS6_ADNN6_VMS3_VDNN3.npy, AMS6_ADNN6_VMS3_VDNN4.npy, AMS6_ADNN6_VMS3_VDNN5.npy, AMS6_ADNN6_VMS4_VDNN1.npy, AMS6_ADNN6_VMS4_VDNN2.npy, AMS6_ADNN6_VMS4_VDNN3.npy, AMS6_ADNN6_VMS4_VDNN4.npy, AMS6_ADNN6_VMS4_VDNN5.npy, AMS6_ADNN6_VMS5_VDNN1.npy, AMS6_ADNN6_VMS5_VDNN2.npy, AMS6_ADNN6_VMS5_VDNN3.npy, AMS6_ADNN6_VMS5_VDNN4.npy, AMS6_ADNN6_VMS5_VDNN5.npy",0.0091577920327375,32.48053518485536,7.275267035665971,50,0.3962485974243164,12.72843515157951,51
0.00725927,117.181603,"AMS6_ADNN7_VMS1_VDNN1.npy, AMS6_ADNN7_VMS1_VDNN2.npy, AMS6_ADNN7_VMS1_VDNN3.npy, AMS6_ADNN7_VMS1_VDNN4.npy, AMS6_ADNN7_VMS1_VDNN5.npy, AMS6_ADNN7_VMS2_VDNN1.npy, AMS6_ADNN7_VMS2_VDNN2.npy, AMS6_ADNN7_VMS2_VDNN3.npy, AMS6_ADNN7_VMS2_VDNN4.npy, AMS6_ADNN7_VMS2_VDNN5.npy, AMS6_ADNN7_VMS3_VDNN1.npy, AMS6_ADNN7_VMS3_VDNN2.npy, AMS6_ADNN7_VMS3_VDNN3.npy, AMS6_ADNN7_VMS3_VDNN4.npy, AMS6_ADNN7_VMS3_VDNN5.npy, AMS6_ADNN7_VMS4_VDNN1.npy, AMS6_ADNN7_VMS4_VDNN2.npy, AMS6_ADNN7_VMS4_VDNN3.npy, AMS6_ADNN7_VMS4_VDNN4.npy, AMS6_ADNN7_VMS4_VDNN5.npy, AMS6_ADNN7_VMS5_VDNN1.npy, AMS6_ADNN7_VMS5_VDNN2.npy, AMS6_ADNN7_VMS5_VDNN3.npy, AMS6_ADNN7_VMS5_VDNN4.npy, AMS6_ADNN7_VMS5_VDNN5.npy",0.0096082733233402,31.909508350990524,24.5896774686919,50,0.4349522622924804,14.235722391376779,51
0.00825927,8.74767114,"AMS7_ADNN1_VMS1_VDNN1.npy, AMS7_ADNN1_VMS1_VDNN2.npy, AMS7_ADNN1_VMS1_VDNN3.npy, AMS7_ADNN1_VMS1_VDNN4.npy, AMS7_ADNN1_VMS1_VDNN5.npy, AMS7_ADNN1_VMS2_VDNN1.npy, AMS7_ADNN1_VMS2_VDNN2.npy, AMS7_ADNN1_VMS2_VDNN3.npy, AMS7_ADNN1_VMS2_VDNN4.npy, AMS7_ADNN1_VMS2_VDNN5.npy, AMS7_ADNN1_VMS3_VDNN1.npy, AMS7_ADNN1_VMS3_VDNN2.npy, AMS7_ADNN1_VMS3_VDNN3.npy, AMS7_ADNN1_VMS3_VDNN4.npy, AMS7_ADNN1_VMS3_VDNN5.npy, AMS7_ADNN1_VMS4_VDNN1.npy, AMS7_ADNN1_VMS4_VDNN2.npy, AMS7_ADNN1_VMS4_VDNN3.npy, AMS7_ADNN1_VMS4_VDNN4.npy, AMS7_ADNN1_VMS4_VDNN5.npy, AMS7_ADNN1_VMS5_VDNN1.npy, AMS7_ADNN1_VMS5_VDNN2.npy, AMS7_ADNN1_VMS5_VDNN3.npy, AMS7_ADNN1_VMS5_VDNN4.npy, AMS7_ADNN1_VMS5_VDNN5.npy",0.0093936714436943,28.49937206664032,7.385680458068769,50,0.4024842636657715,12.789935325370587,50
0.00825927,24.4029475,"AMS7_ADNN2_VMS1_VDNN1.npy, AMS7_ADNN2_VMS1_VDNN2.npy, AMS7_ADNN2_VMS1_VDNN3.npy, AMS7_ADNN2_VMS1_VDNN4.npy, AMS7_ADNN2_VMS1_VDNN5.npy, AMS7_ADNN2_VMS2_VDNN1.npy, AMS7_ADNN2_VMS2_VDNN2.npy, AMS7_ADNN2_VMS2_VDNN3.npy, AMS7_ADNN2_VMS2_VDNN4.npy, AMS7_ADNN2_VMS2_VDNN5.npy, AMS7_ADNN2_VMS3_VDNN1.npy, AMS7_ADNN2_VMS3_VDNN2.npy, AMS7_ADNN2_VMS3_VDNN3.npy, AMS7_ADNN2_VMS3_VDNN4.npy, AMS7_ADNN2_VMS3_VDNN5.npy, AMS7_ADNN2_VMS4_VDNN1.npy, AMS7_ADNN2_VMS4_VDNN2.npy, AMS7_ADNN2_VMS4_VDNN3.npy, AMS7_ADNN2_VMS4_VDNN4.npy, AMS7_ADNN2_VMS4_VDNN5.npy, AMS7_ADNN2_VMS5_VDNN1.npy, AMS7_ADNN2_VMS5_VDNN2.npy, AMS7_ADNN2_VMS5_VDNN3.npy, AMS7_ADNN2_VMS5_VDNN4.npy, AMS7_ADNN2_VMS5_VDNN5.npy",0.0094741000853797,27.98275090154733,8.39327815019098,50,0.4029293505798338,13.097408399844785,50
0.00825927,103.460163,"AMS7_ADNN3_VMS1_VDNN1.npy, AMS7_ADNN3_VMS1_VDNN2.npy, AMS7_ADNN3_VMS1_VDNN3.npy, AMS7_ADNN3_VMS1_VDNN4.npy, AMS7_ADNN3_VMS1_VDNN5.npy, AMS7_ADNN3_VMS2_VDNN1.npy, AMS7_ADNN3_VMS2_VDNN2.npy, AMS7_ADNN3_VMS2_VDNN3.npy, AMS7_ADNN3_VMS2_VDNN4.npy, AMS7_ADNN3_VMS2_VDNN5.npy, AMS7_ADNN3_VMS3_VDNN1.npy, AMS7_ADNN3_VMS3_VDNN2.npy, AMS7_ADNN3_VMS3_VDNN3.npy, AMS7_ADNN3_VMS3_VDNN4.npy, AMS7_ADNN3_VMS3_VDNN5.npy, AMS7_ADNN3_VMS4_VDNN1.npy, AMS7_ADNN3_VMS4_VDNN2.npy, AMS7_ADNN3_VMS4_VDNN3.npy, AMS7_ADNN3_VMS4_VDNN4.npy, AMS7_ADNN3_VMS4_VDNN5.npy, AMS7_ADNN3_VMS5_VDNN1.npy, AMS7_ADNN3_VMS5_VDNN2.npy, AMS7_ADNN3_VMS5_VDNN3.npy, AMS7_ADNN3_VMS5_VDNN4.npy, AMS7_ADNN3_VMS5_VDNN5.npy",0.0090973061723362,27.930341318453127,6.585008759369044,50,0.395615571182251,14.399208498423402,51
0.00825927,0.366064129,"AMS7_ADNN4_VMS1_VDNN1.npy, AMS7_ADNN4_VMS1_VDNN2.npy, AMS7_ADNN4_VMS1_VDNN3.npy, AMS7_ADNN4_VMS1_VDNN4.npy, AMS7_ADNN4_VMS1_VDNN5.npy, AMS7_ADNN4_VMS2_VDNN1.npy, AMS7_ADNN4_VMS2_VDNN2.npy, AMS7_ADNN4_VMS2_VDNN3.npy, AMS7_ADNN4_VMS2_VDNN4.npy, AMS7_ADNN4_VMS2_VDNN5.npy, AMS7_ADNN4_VMS3_VDNN1.npy, AMS7_ADNN4_VMS3_VDNN2.npy, AMS7_ADNN4_VMS3_VDNN3.npy, AMS7_ADNN4_VMS3_VDNN4.npy, AMS7_ADNN4_VMS3_VDNN5.npy, AMS7_ADNN4_VMS4_VDNN1.npy, AMS7_ADNN4_VMS4_VDNN2.npy, AMS7_ADNN4_VMS4_VDNN3.npy, AMS7_ADNN4_VMS4_VDNN4.npy, AMS7_ADNN4_VMS4_VDNN5.npy, AMS7_ADNN4_VMS5_VDNN1.npy, AMS7_ADNN4_VMS5_VDNN2.npy, AMS7_ADNN4_VMS5_VDNN3.npy, AMS7_ADNN4_VMS5_VDNN4.npy, AMS7_ADNN4_VMS5_VDNN5.npy",0.0089971074815618,27.85998868991989,9.402933097839128,55,0.3969860623413085,12.714298719186147,50
0.00825927,0.00583815967,"AMS7_ADNN5_VMS1_VDNN1.npy, AMS7_ADNN5_VMS1_VDNN2.npy, AMS7_ADNN5_VMS1_VDNN3.npy, AMS7_ADNN5_VMS1_VDNN4.npy, AMS7_ADNN5_VMS1_VDNN5.npy, AMS7_ADNN5_VMS2_VDNN1.npy, AMS7_ADNN5_VMS2_VDNN2.npy, AMS7_ADNN5_VMS2_VDNN3.npy, AMS7_ADNN5_VMS2_VDNN4.npy, AMS7_ADNN5_VMS2_VDNN5.npy, AMS7_ADNN5_VMS3_VDNN1.npy, AMS7_ADNN5_VMS3_VDNN2.npy, AMS7_ADNN5_VMS3_VDNN3.npy, AMS7_ADNN5_VMS3_VDNN4.npy, AMS7_ADNN5_VMS3_VDNN5.npy, AMS7_ADNN5_VMS4_VDNN1.npy, AMS7_ADNN5_VMS4_VDNN2.npy, AMS7_ADNN5_VMS4_VDNN3.npy, AMS7_ADNN5_VMS4_VDNN4.npy, AMS7_ADNN5_VMS4_VDNN5.npy, AMS7_ADNN5_VMS5_VDNN1.npy, AMS7_ADNN5_VMS5_VDNN2.npy, AMS7_ADNN5_VMS5_VDNN3.npy, AMS7_ADNN5_VMS5_VDNN4.npy, AMS7_ADNN5_VMS5_VDNN5.npy",0.0090535411885261,26.934421114056786,8.01793648898663,45,0.4121510207611084,12.798898150380946,50
0.00825927,28.762206,"AMS7_ADNN6_VMS1_VDNN1.npy, AMS7_ADNN6_VMS1_VDNN2.npy, AMS7_ADNN6_VMS1_VDNN3.npy, AMS7_ADNN6_VMS1_VDNN4.npy, AMS7_ADNN6_VMS1_VDNN5.npy, AMS7_ADNN6_VMS2_VDNN1.npy, AMS7_ADNN6_VMS2_VDNN2.npy, AMS7_ADNN6_VMS2_VDNN3.npy, AMS7_ADNN6_VMS2_VDNN4.npy, AMS7_ADNN6_VMS2_VDNN5.npy, AMS7_ADNN6_VMS3_VDNN1.npy, AMS7_ADNN6_VMS3_VDNN2.npy, AMS7_ADNN6_VMS3_VDNN3.npy, AMS7_ADNN6_VMS3_VDNN4.npy, AMS7_ADNN6_VMS3_VDNN5.npy, AMS7_ADNN6_VMS4_VDNN1.npy, AMS7_ADNN6_VMS4_VDNN2.npy, AMS7_ADNN6_VMS4_VDNN3.npy, AMS7_ADNN6_VMS4_VDNN4.npy, AMS7_ADNN6_VMS4_VDNN5.npy, AMS7_ADNN6_VMS5_VDNN1.npy, AMS7_ADNN6_VMS5_VDNN2.npy, AMS7_ADNN6_VMS5_VDNN3.npy, AMS7_ADNN6_VMS5_VDNN4.npy, AMS7_ADNN6_VMS5_VDNN5.npy",0.0098454099020746,27.13291620095477,14.923525796659025,55,0.4283718613830567,13.252504718752444,50
0.00825927,117.181603,"AMS7_ADNN7_VMS1_VDNN1.npy, AMS7_ADNN7_VMS1_VDNN2.npy, AMS7_ADNN7_VMS1_VDNN3.npy, AMS7_ADNN7_VMS1_VDNN4.npy, AMS7_ADNN7_VMS1_VDNN5.npy, AMS7_ADNN7_VMS2_VDNN1.npy, AMS7_ADNN7_VMS2_VDNN2.npy, AMS7_ADNN7_VMS2_VDNN3.npy, AMS7_ADNN7_VMS2_VDNN4.npy, AMS7_ADNN7_VMS2_VDNN5.npy, AMS7_ADNN7_VMS3_VDNN1.npy, AMS7_ADNN7_VMS3_VDNN2.npy, AMS7_ADNN7_VMS3_VDNN3.npy, AMS7_ADNN7_VMS3_VDNN4.npy, AMS7_ADNN7_VMS3_VDNN5.npy, AMS7_ADNN7_VMS4_VDNN1.npy, AMS7_ADNN7_VMS4_VDNN2.npy, AMS7_ADNN7_VMS4_VDNN3.npy, AMS7_ADNN7_VMS4_VDNN4.npy, AMS7_ADNN7_VMS4_VDNN5.npy, AMS7_ADNN7_VMS5_VDNN1.npy, AMS7_ADNN7_VMS5_VDNN2.npy, AMS7_ADNN7_VMS5_VDNN3.npy, AMS7_ADNN7_VMS5_VDNN4.npy, AMS7_ADNN7_VMS5_VDNN5.npy",0.0091522083236353,28.38910273142216,25.20125490086992,55,0.431518370172119,14.579617352278628,51
